Time,Lambda = 0.07903225806451612 / Alpha = 0.0 / Delta = 0.03
0.0,142.85714285714286
0.041666666666666664,142.85714285714286
0.08333333333333333,142.85714285714286
0.125,142.85714285714286
0.16666666666666666,142.85714285714286
0.20833333333333331,142.85714285714286
0.24999999999999997,138.57142857142858
0.29166666666666663,134.4142857142857
0.3333333333333333,134.4142857142857
0.375,134.4142857142857
0.4166666666666667,134.4142857142857
0.45833333333333337,134.4142857142857
0.5,134.4142857142857
0.5416666666666666,134.4142857142857
0.5833333333333333,134.4142857142857
0.6249999999999999,134.4142857142857
0.6666666666666665,134.4142857142857
0.7083333333333331,134.4142857142857
0.7499999999999998,134.4142857142857
0.7916666666666664,134.4142857142857
0.833333333333333,134.4142857142857
0.8749999999999997,134.4142857142857
0.9166666666666663,134.4142857142857
0.9583333333333329,134.4142857142857
0.9999999999999996,134.4142857142857
1.0416666666666663,134.4142857142857
1.083333333333333,134.4142857142857
1.1249999999999998,134.4142857142857
1.1666666666666665,134.4142857142857
1.2083333333333333,134.4142857142857
1.25,130.38185714285714
1.2916666666666667,130.38185714285714
1.3333333333333335,130.38185714285714
1.3750000000000002,130.38185714285714
1.416666666666667,130.38185714285714
1.4583333333333337,130.38185714285714
1.5000000000000004,130.38185714285714
1.5416666666666672,130.38185714285714
1.583333333333334,130.38185714285714
1.6250000000000007,130.38185714285714
1.6666666666666674,130.38185714285714
1.7083333333333341,130.38185714285714
1.7500000000000009,130.38185714285714
1.7916666666666676,130.38185714285714
1.8333333333333344,130.38185714285714
1.875000000000001,130.38185714285714
1.9166666666666679,130.38185714285714
1.9583333333333346,130.38185714285714
2.0000000000000013,130.38185714285714
2.041666666666668,130.38185714285714
2.0833333333333344,130.38185714285714
2.125000000000001,130.38185714285714
2.1666666666666674,130.38185714285714
2.208333333333334,130.38185714285714
2.2500000000000004,126.47040142857142
2.291666666666667,126.47040142857142
2.3333333333333335,126.47040142857142
2.375,126.47040142857142
2.4166666666666665,126.47040142857142
2.458333333333333,126.47040142857142
2.4999999999999996,126.47040142857142
2.541666666666666,126.47040142857142
2.5833333333333326,126.47040142857142
2.624999999999999,126.47040142857142
2.6666666666666656,126.47040142857142
2.708333333333332,126.47040142857142
2.7499999999999987,126.47040142857142
2.791666666666665,126.47040142857142
2.8333333333333317,126.47040142857142
2.8749999999999982,126.47040142857142
2.9166666666666647,126.47040142857142
2.9583333333333313,126.47040142857142
2.999999999999998,126.47040142857142
3.0416666666666643,126.47040142857142
3.083333333333331,126.47040142857142
3.1249999999999973,126.47040142857142
3.166666666666664,126.47040142857142
3.2083333333333304,126.47040142857142
3.249999999999997,126.47040142857142
3.2916666666666634,122.67628938571427
3.33333333333333,122.67628938571427
3.3749999999999964,122.67628938571427
3.416666666666663,122.67628938571427
3.4583333333333295,122.67628938571427
3.499999999999996,122.67628938571427
3.5416666666666625,122.67628938571427
3.583333333333329,122.67628938571427
3.6249999999999956,122.67628938571427
3.666666666666662,122.67628938571427
3.7083333333333286,122.67628938571427
3.749999999999995,122.67628938571427
3.7916666666666616,122.67628938571427
3.833333333333328,122.67628938571427
3.8749999999999947,122.67628938571427
3.916666666666661,122.67628938571427
3.9583333333333277,122.67628938571427
3.9999999999999942,122.67628938571427
4.041666666666661,122.67628938571427
4.083333333333328,122.67628938571427
4.124999999999995,122.67628938571427
4.166666666666662,122.67628938571427
4.208333333333329,122.67628938571427
4.249999999999996,122.67628938571427
4.2916666666666625,118.99600070414284
4.3333333333333295,118.99600070414284
4.3749999999999964,118.99600070414284
4.416666666666663,118.99600070414284
4.45833333333333,118.99600070414284
4.499999999999997,118.99600070414284
4.541666666666664,118.99600070414284
4.583333333333331,118.99600070414284
4.624999999999998,118.99600070414284
4.666666666666665,118.99600070414284
4.708333333333332,118.99600070414284
4.749999999999999,118.99600070414284
4.791666666666666,118.99600070414284
4.833333333333333,118.99600070414284
4.875,118.99600070414284
4.916666666666667,118.99600070414284
4.958333333333334,118.99600070414284
5.000000000000001,118.99600070414284
5.041666666666668,118.99600070414284
5.083333333333335,118.99600070414284
5.125000000000002,118.99600070414284
5.166666666666669,118.99600070414284
5.208333333333336,118.99600070414284
5.250000000000003,118.99600070414284
5.29166666666667,118.99600070414284
5.333333333333337,118.99600070414284
5.3750000000000036,118.99600070414284
5.4166666666666705,118.99600070414284
5.4583333333333375,118.99600070414284
5.500000000000004,118.99600070414284
5.541666666666671,118.99600070414284
5.583333333333338,118.99600070414284
5.625000000000005,118.99600070414284
5.666666666666672,118.99600070414284
5.708333333333339,118.99600070414284
5.750000000000006,118.99600070414284
5.791666666666673,118.99600070414284
5.83333333333334,118.99600070414284
5.875000000000007,118.99600070414284
5.916666666666674,118.99600070414284
5.958333333333341,118.99600070414284
6.000000000000008,118.99600070414284
6.041666666666675,118.99600070414284
6.083333333333342,118.99600070414284
6.125000000000009,118.99600070414284
6.166666666666676,118.99600070414284
6.208333333333343,118.99600070414284
6.25000000000001,118.99600070414284
6.291666666666677,118.99600070414284
6.333333333333344,118.99600070414284
6.375000000000011,118.99600070414284
6.416666666666678,118.99600070414284
6.458333333333345,118.99600070414284
6.5000000000000115,118.99600070414284
6.5416666666666785,118.99600070414284
6.5833333333333455,118.99600070414284
6.625000000000012,118.99600070414284
6.666666666666679,118.99600070414284
6.708333333333346,118.99600070414284
6.750000000000013,118.99600070414284
6.79166666666668,118.99600070414284
6.833333333333347,118.99600070414284
6.875000000000014,118.99600070414284
6.916666666666681,118.99600070414284
6.958333333333348,118.99600070414284
7.000000000000015,118.99600070414284
7.041666666666682,118.99600070414284
7.083333333333349,118.99600070414284
7.125000000000016,118.99600070414284
7.166666666666683,118.99600070414284
7.20833333333335,118.99600070414284
7.250000000000017,115.42612068301855
7.291666666666684,115.42612068301855
7.333333333333351,115.42612068301855
7.375000000000018,115.42612068301855
7.416666666666685,115.42612068301855
7.458333333333352,115.42612068301855
7.500000000000019,115.42612068301855
7.541666666666686,115.42612068301855
7.583333333333353,115.42612068301855
7.6250000000000195,115.42612068301855
7.6666666666666865,115.42612068301855
7.7083333333333535,115.42612068301855
7.75000000000002,115.42612068301855
7.791666666666687,115.42612068301855
7.833333333333354,115.42612068301855
7.875000000000021,115.42612068301855
7.916666666666688,115.42612068301855
7.958333333333355,115.42612068301855
8.000000000000021,115.42612068301855
8.041666666666687,115.42612068301855
8.083333333333353,115.42612068301855
8.12500000000002,115.42612068301855
8.166666666666686,115.42612068301855
8.208333333333352,115.42612068301855
8.250000000000018,111.963337062528
8.291666666666684,111.963337062528
8.33333333333335,111.963337062528
8.375000000000016,111.963337062528
8.416666666666682,111.963337062528
8.458333333333348,111.963337062528
8.500000000000014,111.963337062528
8.54166666666668,111.963337062528
8.583333333333346,111.963337062528
8.625000000000012,111.963337062528
8.666666666666679,111.963337062528
8.708333333333345,111.963337062528
8.75000000000001,111.963337062528
8.791666666666677,111.963337062528
8.833333333333343,111.963337062528
8.875000000000009,111.963337062528
8.916666666666675,111.963337062528
8.958333333333341,111.963337062528
9.000000000000007,111.963337062528
9.041666666666673,111.963337062528
9.08333333333334,111.963337062528
9.125000000000005,111.963337062528
9.166666666666671,111.963337062528
9.208333333333337,111.963337062528
9.250000000000004,108.60443695065216
9.29166666666667,108.60443695065216
9.333333333333336,108.60443695065216
9.375000000000002,108.60443695065216
9.416666666666668,108.60443695065216
9.458333333333334,108.60443695065216
9.5,108.60443695065216
9.541666666666666,108.60443695065216
9.583333333333332,108.60443695065216
9.624999999999998,108.60443695065216
9.666666666666664,108.60443695065216
9.70833333333333,108.60443695065216
9.749999999999996,108.60443695065216
9.791666666666663,108.60443695065216
9.833333333333329,108.60443695065216
9.874999999999995,108.60443695065216
9.91666666666666,108.60443695065216
9.958333333333327,108.60443695065216
9.999999999999993,108.60443695065216
10.041666666666659,108.60443695065216
10.083333333333325,108.60443695065216
10.124999999999991,108.60443695065216
10.166666666666657,108.60443695065216
10.208333333333323,108.60443695065216
10.24999999999999,108.60443695065216
10.291666666666655,105.34630384213258
10.333333333333321,105.34630384213258
10.374999999999988,105.34630384213258
10.416666666666654,105.34630384213258
10.45833333333332,105.34630384213258
10.499999999999986,105.34630384213258
10.541666666666652,105.34630384213258
10.583333333333318,105.34630384213258
10.624999999999984,105.34630384213258
10.66666666666665,105.34630384213258
10.708333333333316,105.34630384213258
10.749999999999982,105.34630384213258
10.791666666666648,105.34630384213258
10.833333333333314,105.34630384213258
10.87499999999998,105.34630384213258
10.916666666666647,105.34630384213258
10.958333333333313,105.34630384213258
10.999999999999979,105.34630384213258
11.041666666666645,105.34630384213258
11.08333333333331,105.34630384213258
11.124999999999977,105.34630384213258
11.166666666666643,105.34630384213258
11.208333333333309,105.34630384213258
11.249999999999975,105.34630384213258
11.291666666666641,102.1859147268686
11.333333333333307,102.1859147268686
11.374999999999973,102.1859147268686
11.41666666666664,102.1859147268686
11.458333333333306,102.1859147268686
11.499999999999972,102.1859147268686
11.541666666666638,102.1859147268686
11.583333333333304,102.1859147268686
11.62499999999997,102.1859147268686
11.666666666666636,102.1859147268686
11.708333333333302,102.1859147268686
11.749999999999968,102.1859147268686
11.791666666666634,102.1859147268686
11.8333333333333,102.1859147268686
11.874999999999966,102.1859147268686
11.916666666666632,102.1859147268686
11.958333333333298,102.1859147268686
11.999999999999964,102.1859147268686
12.04166666666663,102.1859147268686
12.083333333333297,102.1859147268686
12.124999999999963,102.1859147268686
12.166666666666629,102.1859147268686
12.208333333333295,102.1859147268686
12.249999999999961,102.1859147268686
12.291666666666627,102.1859147268686
12.333333333333293,102.1859147268686
12.37499999999996,102.1859147268686
12.416666666666625,102.1859147268686
12.458333333333291,102.1859147268686
12.499999999999957,102.1859147268686
12.541666666666623,102.1859147268686
12.58333333333329,102.1859147268686
12.624999999999956,102.1859147268686
12.666666666666622,102.1859147268686
12.708333333333288,102.1859147268686
12.749999999999954,102.1859147268686
12.79166666666662,102.1859147268686
12.833333333333286,102.1859147268686
12.874999999999952,102.1859147268686
12.916666666666618,102.1859147268686
12.958333333333284,102.1859147268686
12.99999999999995,102.1859147268686
13.041666666666616,102.1859147268686
13.083333333333282,102.1859147268686
13.124999999999948,102.1859147268686
13.166666666666615,102.1859147268686
13.20833333333328,102.1859147268686
13.249999999999947,102.1859147268686
13.291666666666613,102.1859147268686
13.333333333333279,102.1859147268686
13.374999999999945,102.1859147268686
13.416666666666611,102.1859147268686
13.458333333333277,102.1859147268686
13.499999999999943,102.1859147268686
13.54166666666661,102.1859147268686
13.583333333333275,102.1859147268686
13.624999999999941,102.1859147268686
13.666666666666607,102.1859147268686
13.708333333333274,102.1859147268686
13.74999999999994,102.1859147268686
13.791666666666606,102.1859147268686
13.833333333333272,102.1859147268686
13.874999999999938,102.1859147268686
13.916666666666604,102.1859147268686
13.95833333333327,102.1859147268686
13.999999999999936,102.1859147268686
14.041666666666602,102.1859147268686
14.083333333333268,102.1859147268686
14.124999999999934,102.1859147268686
14.1666666666666,102.1859147268686
14.208333333333266,102.1859147268686
14.249999999999932,102.1859147268686
14.291666666666599,99.12033728506255
14.333333333333265,99.12033728506255
14.37499999999993,99.12033728506255
14.416666666666597,99.12033728506255
14.458333333333263,99.12033728506255
14.499999999999929,99.12033728506255
14.541666666666595,99.12033728506255
14.583333333333261,99.12033728506255
14.624999999999927,99.12033728506255
14.666666666666593,99.12033728506255
14.70833333333326,99.12033728506255
14.749999999999925,99.12033728506255
14.791666666666591,99.12033728506255
14.833333333333258,99.12033728506255
14.874999999999924,99.12033728506255
14.91666666666659,99.12033728506255
14.958333333333256,99.12033728506255
14.999999999999922,99.12033728506255
15.041666666666588,99.12033728506255
15.083333333333254,99.12033728506255
15.12499999999992,99.12033728506255
15.166666666666586,99.12033728506255
15.208333333333252,99.12033728506255
15.249999999999918,99.12033728506255
15.291666666666584,96.14672716651067
15.33333333333325,96.14672716651067
15.374999999999917,96.14672716651067
15.416666666666583,96.14672716651067
15.458333333333249,96.14672716651067
15.499999999999915,96.14672716651067
15.54166666666658,96.14672716651067
15.583333333333247,96.14672716651067
15.624999999999913,96.14672716651067
15.666666666666579,96.14672716651067
15.708333333333245,96.14672716651067
15.749999999999911,96.14672716651067
15.791666666666577,96.14672716651067
15.833333333333243,96.14672716651067
15.87499999999991,96.14672716651067
15.916666666666575,96.14672716651067
15.958333333333242,96.14672716651067
15.999999999999908,96.14672716651067
16.041666666666575,96.14672716651067
16.083333333333243,96.14672716651067
16.12499999999991,96.14672716651067
16.16666666666658,96.14672716651067
16.208333333333247,96.14672716651067
16.249999999999915,96.14672716651067
16.291666666666583,93.26232535151534
16.33333333333325,93.26232535151534
16.37499999999992,93.26232535151534
16.416666666666586,93.26232535151534
16.458333333333254,93.26232535151534
16.499999999999922,93.26232535151534
16.54166666666659,93.26232535151534
16.583333333333258,93.26232535151534
16.624999999999925,93.26232535151534
16.666666666666593,93.26232535151534
16.70833333333326,93.26232535151534
16.74999999999993,93.26232535151534
16.791666666666597,93.26232535151534
16.833333333333265,93.26232535151534
16.874999999999932,93.26232535151534
16.9166666666666,93.26232535151534
16.958333333333268,93.26232535151534
16.999999999999936,93.26232535151534
17.041666666666604,93.26232535151534
17.08333333333327,93.26232535151534
17.12499999999994,93.26232535151534
17.166666666666607,93.26232535151534
17.208333333333275,93.26232535151534
17.249999999999943,93.26232535151534
17.29166666666661,90.46445559096988
17.33333333333328,90.46445559096988
17.374999999999947,90.46445559096988
17.416666666666615,90.46445559096988
17.458333333333282,90.46445559096988
17.49999999999995,90.46445559096988
17.541666666666618,90.46445559096988
17.583333333333286,90.46445559096988
17.624999999999954,90.46445559096988
17.66666666666662,90.46445559096988
17.70833333333329,90.46445559096988
17.749999999999957,90.46445559096988
17.791666666666625,90.46445559096988
17.833333333333293,90.46445559096988
17.87499999999996,90.46445559096988
17.91666666666663,90.46445559096988
17.958333333333297,90.46445559096988
17.999999999999964,90.46445559096988
18.041666666666632,90.46445559096988
18.0833333333333,90.46445559096988
18.124999999999968,90.46445559096988
18.166666666666636,90.46445559096988
18.208333333333304,90.46445559096988
18.24999999999997,90.46445559096988
18.29166666666664,87.75052192324078
18.333333333333307,87.75052192324078
18.374999999999975,87.75052192324078
18.416666666666643,87.75052192324078
18.45833333333331,87.75052192324078
18.49999999999998,87.75052192324078
18.541666666666647,87.75052192324078
18.583333333333314,87.75052192324078
18.624999999999982,87.75052192324078
18.66666666666665,87.75052192324078
18.708333333333318,87.75052192324078
18.749999999999986,87.75052192324078
18.791666666666654,87.75052192324078
18.83333333333332,87.75052192324078
18.87499999999999,87.75052192324078
18.916666666666657,87.75052192324078
18.958333333333325,87.75052192324078
18.999999999999993,87.75052192324078
19.04166666666666,87.75052192324078
19.08333333333333,87.75052192324078
19.124999999999996,87.75052192324078
19.166666666666664,87.75052192324078
19.208333333333332,87.75052192324078
19.25,87.75052192324078
19.291666666666668,87.75052192324078
19.333333333333336,87.75052192324078
19.375000000000004,87.75052192324078
19.41666666666667,87.75052192324078
19.45833333333334,87.75052192324078
19.500000000000007,87.75052192324078
19.541666666666675,87.75052192324078
19.583333333333343,87.75052192324078
19.62500000000001,87.75052192324078
19.66666666666668,87.75052192324078
19.708333333333346,87.75052192324078
19.750000000000014,87.75052192324078
19.791666666666682,87.75052192324078
19.83333333333335,87.75052192324078
19.875000000000018,87.75052192324078
19.916666666666686,87.75052192324078
19.958333333333353,87.75052192324078
20.00000000000002,87.75052192324078
20.04166666666669,87.75052192324078
20.083333333333357,87.75052192324078
20.125000000000025,87.75052192324078
20.166666666666693,87.75052192324078
20.20833333333336,87.75052192324078
20.25000000000003,87.75052192324078
20.291666666666696,87.75052192324078
20.333333333333364,87.75052192324078
20.375000000000032,87.75052192324078
20.4166666666667,87.75052192324078
20.458333333333368,87.75052192324078
20.500000000000036,87.75052192324078
20.541666666666703,87.75052192324078
20.58333333333337,87.75052192324078
20.62500000000004,87.75052192324078
20.666666666666707,87.75052192324078
20.708333333333375,87.75052192324078
20.750000000000043,87.75052192324078
20.79166666666671,87.75052192324078
20.83333333333338,87.75052192324078
20.875000000000046,87.75052192324078
20.916666666666714,87.75052192324078
20.958333333333382,87.75052192324078
21.00000000000005,87.75052192324078
21.041666666666718,87.75052192324078
21.083333333333385,87.75052192324078
21.125000000000053,87.75052192324078
21.16666666666672,87.75052192324078
21.20833333333339,87.75052192324078
21.250000000000057,85.11800626554356
21.291666666666725,85.11800626554356
21.333333333333393,85.11800626554356
21.37500000000006,85.11800626554356
21.41666666666673,85.11800626554356
21.458333333333396,85.11800626554356
21.500000000000064,85.11800626554356
21.541666666666732,85.11800626554356
21.5833333333334,85.11800626554356
21.625000000000068,85.11800626554356
21.666666666666735,85.11800626554356
21.708333333333403,85.11800626554356
21.75000000000007,85.11800626554356
21.79166666666674,85.11800626554356
21.833333333333407,85.11800626554356
21.875000000000075,85.11800626554356
21.916666666666742,85.11800626554356
21.95833333333341,85.11800626554356
22.000000000000078,85.11800626554356
22.041666666666746,85.11800626554356
22.083333333333414,85.11800626554356
22.12500000000008,85.11800626554356
22.16666666666675,85.11800626554356
22.208333333333417,85.11800626554356
22.250000000000085,82.56446607757725
22.291666666666753,82.56446607757725
22.33333333333342,82.56446607757725
22.37500000000009,82.56446607757725
22.416666666666757,82.56446607757725
22.458333333333425,82.56446607757725
22.500000000000092,82.56446607757725
22.54166666666676,82.56446607757725
22.583333333333428,82.56446607757725
22.625000000000096,82.56446607757725
22.666666666666764,82.56446607757725
22.70833333333343,82.56446607757725
22.7500000000001,82.56446607757725
22.791666666666767,82.56446607757725
22.833333333333435,82.56446607757725
22.875000000000103,82.56446607757725
22.91666666666677,82.56446607757725
22.95833333333344,82.56446607757725
23.000000000000107,82.56446607757725
23.041666666666774,82.56446607757725
23.083333333333442,82.56446607757725
23.12500000000011,82.56446607757725
23.166666666666778,82.56446607757725
23.208333333333446,82.56446607757725
23.250000000000114,80.08753209524993
23.29166666666678,80.08753209524993
23.33333333333345,80.08753209524993
23.375000000000117,80.08753209524993
23.416666666666785,80.08753209524993
23.458333333333453,80.08753209524993
23.50000000000012,80.08753209524993
23.54166666666679,80.08753209524993
23.583333333333456,80.08753209524993
23.625000000000124,80.08753209524993
23.666666666666792,80.08753209524993
23.70833333333346,80.08753209524993
23.750000000000128,80.08753209524993
23.791666666666796,80.08753209524993
23.833333333333464,80.08753209524993
23.87500000000013,80.08753209524993
23.9166666666668,80.08753209524993
23.958333333333467,80.08753209524993
24.000000000000135,80.08753209524993
24.041666666666803,80.08753209524993
24.08333333333347,80.08753209524993
24.12500000000014,80.08753209524993
24.166666666666806,80.08753209524993
24.208333333333474,80.08753209524993
24.250000000000142,77.68490613239243
24.29166666666681,77.68490613239243
24.333333333333478,77.68490613239243
24.375000000000146,77.68490613239243
24.416666666666814,77.68490613239243
24.45833333333348,77.68490613239243
24.50000000000015,77.68490613239243
24.541666666666817,77.68490613239243
24.583333333333485,77.68490613239243
24.625000000000153,77.68490613239243
24.66666666666682,77.68490613239243
24.70833333333349,77.68490613239243
24.750000000000156,77.68490613239243
24.791666666666824,77.68490613239243
24.833333333333492,77.68490613239243
24.87500000000016,77.68490613239243
24.916666666666828,77.68490613239243
24.958333333333496,77.68490613239243
25.000000000000163,77.68490613239243
25.04166666666683,77.68490613239243
25.0833333333335,77.68490613239243
25.125000000000167,77.68490613239243
25.166666666666835,77.68490613239243
25.208333333333503,77.68490613239243
25.25000000000017,75.35435894842065
25.29166666666684,75.35435894842065
25.333333333333506,75.35435894842065
25.375000000000174,75.35435894842065
25.416666666666842,75.35435894842065
25.45833333333351,75.35435894842065
25.500000000000178,75.35435894842065
25.541666666666845,75.35435894842065
25.583333333333513,75.35435894842065
25.62500000000018,75.35435894842065
25.66666666666685,75.35435894842065
25.708333333333517,75.35435894842065
25.750000000000185,75.35435894842065
25.791666666666853,75.35435894842065
25.83333333333352,75.35435894842065
25.87500000000019,75.35435894842065
25.916666666666856,75.35435894842065
25.958333333333524,75.35435894842065
26.000000000000192,75.35435894842065
26.04166666666686,75.35435894842065
26.083333333333528,75.35435894842065
26.125000000000195,75.35435894842065
26.166666666666863,75.35435894842065
26.20833333333353,75.35435894842065
26.2500000000002,75.35435894842065
26.291666666666867,75.35435894842065
26.333333333333535,75.35435894842065
26.375000000000203,75.35435894842065
26.41666666666687,75.35435894842065
26.458333333333538,75.35435894842065
26.500000000000206,75.35435894842065
26.541666666666874,75.35435894842065
26.58333333333354,75.35435894842065
26.62500000000021,75.35435894842065
26.666666666666877,75.35435894842065
26.708333333333545,75.35435894842065
26.750000000000213,75.35435894842065
26.79166666666688,75.35435894842065
26.83333333333355,75.35435894842065
26.875000000000217,75.35435894842065
26.916666666666885,75.35435894842065
26.958333333333552,75.35435894842065
27.00000000000022,75.35435894842065
27.041666666666888,75.35435894842065
27.083333333333556,75.35435894842065
27.125000000000224,75.35435894842065
27.16666666666689,75.35435894842065
27.20833333333356,75.35435894842065
27.250000000000227,75.35435894842065
27.291666666666895,75.35435894842065
27.333333333333563,75.35435894842065
27.37500000000023,75.35435894842065
27.4166666666669,75.35435894842065
27.458333333333567,75.35435894842065
27.500000000000234,75.35435894842065
27.541666666666902,75.35435894842065
27.58333333333357,75.35435894842065
27.625000000000238,75.35435894842065
27.666666666666906,75.35435894842065
27.708333333333574,75.35435894842065
27.75000000000024,75.35435894842065
27.79166666666691,75.35435894842065
27.833333333333577,75.35435894842065
27.875000000000245,75.35435894842065
27.916666666666913,75.35435894842065
27.95833333333358,75.35435894842065
28.00000000000025,75.35435894842065
28.041666666666917,75.35435894842065
28.083333333333584,75.35435894842065
28.125000000000252,75.35435894842065
28.16666666666692,75.35435894842065
28.208333333333588,75.35435894842065
28.250000000000256,73.09372817996802
28.291666666666924,73.09372817996802
28.33333333333359,73.09372817996802
28.37500000000026,73.09372817996802
28.416666666666927,73.09372817996802
28.458333333333595,73.09372817996802
28.500000000000263,73.09372817996802
28.54166666666693,73.09372817996802
28.5833333333336,73.09372817996802
28.625000000000266,73.09372817996802
28.666666666666934,73.09372817996802
28.708333333333602,73.09372817996802
28.75000000000027,73.09372817996802
28.791666666666938,73.09372817996802
28.833333333333606,73.09372817996802
28.875000000000274,73.09372817996802
28.91666666666694,73.09372817996802
28.95833333333361,73.09372817996802
29.000000000000277,73.09372817996802
29.041666666666945,73.09372817996802
29.083333333333613,73.09372817996802
29.12500000000028,73.09372817996802
29.16666666666695,73.09372817996802
29.208333333333616,73.09372817996802
29.250000000000284,70.90091633456898
29.291666666666952,70.90091633456898
29.33333333333362,70.90091633456898
29.375000000000288,70.90091633456898
29.416666666666956,70.90091633456898
29.458333333333623,70.90091633456898
29.50000000000029,70.90091633456898
29.54166666666696,70.90091633456898
29.583333333333627,70.90091633456898
29.625000000000295,70.90091633456898
29.666666666666963,70.90091633456898
29.70833333333363,70.90091633456898
29.7500000000003,70.90091633456898
29.791666666666966,70.90091633456898
29.833333333333634,70.90091633456898
29.875000000000302,70.90091633456898
29.91666666666697,70.90091633456898
29.958333333333638,70.90091633456898
30.000000000000306,70.90091633456898
30.041666666666973,70.90091633456898
30.08333333333364,70.90091633456898
30.12500000000031,70.90091633456898
30.166666666666977,70.90091633456898
30.208333333333645,70.90091633456898
30.250000000000313,68.77388884453191
30.29166666666698,68.77388884453191
30.33333333333365,68.77388884453191
30.375000000000316,68.77388884453191
30.416666666666984,68.77388884453191
30.458333333333652,68.77388884453191
30.50000000000032,68.77388884453191
30.541666666666988,68.77388884453191
30.583333333333655,68.77388884453191
30.625000000000323,68.77388884453191
30.66666666666699,68.77388884453191
30.70833333333366,68.77388884453191
30.750000000000327,68.77388884453191
30.791666666666995,68.77388884453191
30.833333333333663,68.77388884453191
30.87500000000033,68.77388884453191
30.916666666667,68.77388884453191
30.958333333333666,68.77388884453191
31.000000000000334,68.77388884453191
31.041666666667002,68.77388884453191
31.08333333333367,68.77388884453191
31.125000000000338,68.77388884453191
31.166666666667005,68.77388884453191
31.208333333333673,68.77388884453191
31.25000000000034,66.71067217919595
31.29166666666701,66.71067217919595
31.333333333333677,66.71067217919595
31.375000000000345,66.71067217919595
31.416666666667012,66.71067217919595
31.45833333333368,66.71067217919595
31.500000000000348,66.71067217919595
31.541666666667016,66.71067217919595
31.583333333333684,66.71067217919595
31.62500000000035,66.71067217919595
31.66666666666702,66.71067217919595
31.708333333333687,66.71067217919595
31.750000000000355,66.71067217919595
31.791666666667023,66.71067217919595
31.83333333333369,66.71067217919595
31.87500000000036,66.71067217919595
31.916666666667027,66.71067217919595
31.958333333333695,66.71067217919595
32.00000000000036,66.71067217919595
32.04166666666703,66.71067217919595
32.08333333333369,66.71067217919595
32.125000000000355,66.71067217919595
32.16666666666702,66.71067217919595
32.208333333333684,66.71067217919595
32.25000000000035,64.70935201382007
32.29166666666701,64.70935201382007
32.33333333333368,64.70935201382007
32.37500000000034,64.70935201382007
32.416666666667005,64.70935201382007
32.45833333333367,64.70935201382007
32.500000000000334,64.70935201382007
32.541666666667,64.70935201382007
32.58333333333366,64.70935201382007
32.62500000000033,64.70935201382007
32.66666666666699,64.70935201382007
32.708333333333655,64.70935201382007
32.75000000000032,64.70935201382007
32.791666666666984,64.70935201382007
32.83333333333365,64.70935201382007
32.87500000000031,64.70935201382007
32.91666666666698,64.70935201382007
32.95833333333364,64.70935201382007
33.000000000000306,64.70935201382007
33.04166666666697,64.70935201382007
33.083333333333634,64.70935201382007
33.1250000000003,64.70935201382007
33.16666666666696,64.70935201382007
33.20833333333363,64.70935201382007
33.25000000000029,64.70935201382007
33.291666666666956,64.70935201382007
33.33333333333362,64.70935201382007
33.375000000000284,64.70935201382007
33.41666666666695,64.70935201382007
33.45833333333361,64.70935201382007
33.50000000000028,64.70935201382007
33.54166666666694,64.70935201382007
33.583333333333606,64.70935201382007
33.62500000000027,64.70935201382007
33.666666666666934,64.70935201382007
33.7083333333336,64.70935201382007
33.75000000000026,64.70935201382007
33.79166666666693,64.70935201382007
33.83333333333359,64.70935201382007
33.875000000000256,64.70935201382007
33.91666666666692,64.70935201382007
33.958333333333584,64.70935201382007
34.00000000000025,64.70935201382007
34.04166666666691,64.70935201382007
34.08333333333358,64.70935201382007
34.12500000000024,64.70935201382007
34.166666666666906,64.70935201382007
34.20833333333357,64.70935201382007
34.250000000000234,64.70935201382007
34.2916666666669,64.70935201382007
34.33333333333356,64.70935201382007
34.37500000000023,64.70935201382007
34.41666666666689,64.70935201382007
34.458333333333556,64.70935201382007
34.50000000000022,64.70935201382007
34.541666666666885,64.70935201382007
34.58333333333355,64.70935201382007
34.62500000000021,64.70935201382007
34.66666666666688,64.70935201382007
34.70833333333354,64.70935201382007
34.750000000000206,64.70935201382007
34.79166666666687,64.70935201382007
34.833333333333535,64.70935201382007
34.8750000000002,64.70935201382007
34.91666666666686,64.70935201382007
34.95833333333353,64.70935201382007
35.00000000000019,64.70935201382007
35.041666666666856,64.70935201382007
35.08333333333352,64.70935201382007
35.125000000000185,64.70935201382007
35.16666666666685,64.70935201382007
35.20833333333351,64.70935201382007
35.25000000000018,62.76807145340546
35.29166666666684,62.76807145340546
35.333333333333506,62.76807145340546
35.37500000000017,62.76807145340546
35.416666666666835,62.76807145340546
35.4583333333335,62.76807145340546
35.50000000000016,62.76807145340546
35.54166666666683,62.76807145340546
35.58333333333349,62.76807145340546
35.625000000000156,62.76807145340546
35.66666666666682,62.76807145340546
35.708333333333485,62.76807145340546
35.75000000000015,62.76807145340546
35.79166666666681,62.76807145340546
35.83333333333348,62.76807145340546
35.87500000000014,62.76807145340546
35.916666666666806,62.76807145340546
35.95833333333347,62.76807145340546
36.000000000000135,62.76807145340546
36.0416666666668,62.76807145340546
36.083333333333464,62.76807145340546
36.12500000000013,62.76807145340546
36.16666666666679,62.76807145340546
36.20833333333346,62.76807145340546
36.25000000000012,60.88502930980329
36.291666666666785,60.88502930980329
36.33333333333345,60.88502930980329
36.375000000000114,60.88502930980329
36.41666666666678,60.88502930980329
36.45833333333344,60.88502930980329
36.50000000000011,60.88502930980329
36.54166666666677,60.88502930980329
36.583333333333435,60.88502930980329
36.6250000000001,60.88502930980329
36.666666666666764,60.88502930980329
36.70833333333343,60.88502930980329
36.75000000000009,60.88502930980329
36.79166666666676,60.88502930980329
36.83333333333342,60.88502930980329
36.875000000000085,60.88502930980329
36.91666666666675,60.88502930980329
36.958333333333414,60.88502930980329
37.00000000000008,60.88502930980329
37.04166666666674,60.88502930980329
37.08333333333341,60.88502930980329
37.12500000000007,60.88502930980329
37.166666666666735,60.88502930980329
37.2083333333334,60.88502930980329
37.250000000000064,59.05847843050919
37.29166666666673,59.05847843050919
37.33333333333339,59.05847843050919
37.37500000000006,59.05847843050919
37.41666666666672,59.05847843050919
37.458333333333385,59.05847843050919
37.50000000000005,59.05847843050919
37.541666666666714,59.05847843050919
37.58333333333338,59.05847843050919
37.62500000000004,59.05847843050919
37.66666666666671,59.05847843050919
37.70833333333337,59.05847843050919
37.750000000000036,59.05847843050919
37.7916666666667,59.05847843050919
37.833333333333364,59.05847843050919
37.87500000000003,59.05847843050919
37.91666666666669,59.05847843050919
37.95833333333336,59.05847843050919
38.00000000000002,59.05847843050919
38.041666666666686,59.05847843050919
38.08333333333335,59.05847843050919
38.125000000000014,59.05847843050919
38.16666666666668,59.05847843050919
38.20833333333334,59.05847843050919
38.25000000000001,57.28672407759391
38.29166666666667,57.28672407759391
38.333333333333336,57.28672407759391
38.375,57.28672407759391
38.416666666666664,57.28672407759391
38.45833333333333,57.28672407759391
38.49999999999999,57.28672407759391
38.54166666666666,57.28672407759391
38.58333333333332,57.28672407759391
38.624999999999986,57.28672407759391
38.66666666666665,57.28672407759391
38.708333333333314,57.28672407759391
38.74999999999998,57.28672407759391
38.79166666666664,57.28672407759391
38.83333333333331,57.28672407759391
38.87499999999997,57.28672407759391
38.916666666666636,57.28672407759391
38.9583333333333,57.28672407759391
38.999999999999964,57.28672407759391
39.04166666666663,57.28672407759391
39.08333333333329,57.28672407759391
39.12499999999996,57.28672407759391
39.16666666666662,57.28672407759391
39.208333333333286,57.28672407759391
39.24999999999995,57.28672407759391
39.291666666666615,55.56812235526609
39.33333333333328,55.56812235526609
39.37499999999994,55.56812235526609
39.41666666666661,55.56812235526609
39.45833333333327,55.56812235526609
39.499999999999936,55.56812235526609
39.5416666666666,55.56812235526609
39.583333333333265,55.56812235526609
39.62499999999993,55.56812235526609
39.66666666666659,55.56812235526609
39.70833333333326,55.56812235526609
39.74999999999992,55.56812235526609
39.791666666666586,55.56812235526609
39.83333333333325,55.56812235526609
39.874999999999915,55.56812235526609
39.91666666666658,55.56812235526609
39.95833333333324,55.56812235526609
39.99999999999991,55.56812235526609
40.04166666666657,55.56812235526609
40.083333333333236,55.56812235526609
40.1249999999999,55.56812235526609
40.166666666666565,55.56812235526609
40.20833333333323,55.56812235526609
40.24999999999989,55.56812235526609
40.29166666666656,55.56812235526609
40.33333333333322,55.56812235526609
40.374999999999886,55.56812235526609
40.41666666666655,55.56812235526609
40.458333333333215,55.56812235526609
40.49999999999988,55.56812235526609
40.54166666666654,55.56812235526609
40.58333333333321,55.56812235526609
40.62499999999987,55.56812235526609
40.666666666666536,55.56812235526609
40.7083333333332,55.56812235526609
40.749999999999865,55.56812235526609
40.79166666666653,55.56812235526609
40.833333333333194,55.56812235526609
40.87499999999986,55.56812235526609
40.91666666666652,55.56812235526609
40.95833333333319,55.56812235526609
40.99999999999985,55.56812235526609
41.041666666666515,55.56812235526609
41.08333333333318,55.56812235526609
41.124999999999844,55.56812235526609
41.16666666666651,55.56812235526609
41.20833333333317,55.56812235526609
41.24999999999984,55.56812235526609
41.2916666666665,55.56812235526609
41.333333333333165,55.56812235526609
41.37499999999983,55.56812235526609
41.416666666666494,55.56812235526609
41.45833333333316,55.56812235526609
41.49999999999982,55.56812235526609
41.54166666666649,55.56812235526609
41.58333333333315,55.56812235526609
41.624999999999815,55.56812235526609
41.66666666666648,55.56812235526609
41.708333333333144,55.56812235526609
41.74999999999981,55.56812235526609
41.79166666666647,55.56812235526609
41.83333333333314,55.56812235526609
41.8749999999998,55.56812235526609
41.916666666666465,55.56812235526609
41.95833333333313,55.56812235526609
41.999999999999794,55.56812235526609
42.04166666666646,55.56812235526609
42.08333333333312,55.56812235526609
42.12499999999979,55.56812235526609
42.16666666666645,55.56812235526609
42.208333333333115,55.56812235526609
42.24999999999978,55.56812235526609
42.291666666666444,53.90107868460811
42.33333333333311,53.90107868460811
