Time,Lambda = 0.5
0.0,0.1
0.041666666666666664,0.10210303675545637
0.08333333333333333,0.10425025499328391
0.125,0.10644258093512272
0.16666666666666666,0.10868096013658118
0.20833333333333331,0.11096635788726907
0.24999999999999997,0.11329975961895657
0.29166666666666663,0.115682171322018
0.3333333333333333,0.11811461997032137
0.375,0.12059815395472834
0.4166666666666667,0.1231338435253715
0.45833333333333337,0.12572278124287922
0.5,0.12836608243872102
0.5416666666666666,0.13106488568484956
0.5833333333333333,0.13382035327281838
0.6249999999999999,0.13663367170255739
0.6666666666666665,0.13950605218099157
0.7083333333333331,0.14243873113069128
0.7499999999999998,0.1454329707087454
0.7916666666666664,0.1484900593360529
0.833333333333333,0.1516113122372299
0.8749999999999997,0.15479807199133452
0.9166666666666663,0.15805170909361335
0.9583333333333329,0.1613736225284781
0.9999999999999996,0.16476524035392345
1.0416666666666663,0.16822802029760114
1.083333333333333,0.1717634503647682
1.1249999999999998,0.17537304945833132
1.1666666666666665,0.17905836801121208
1.2083333333333333,0.18282098863126206
1.25,0.18666252675896006
1.2916666666666667,0.19058463133812653
1.3333333333333335,0.19458898549989542
1.3750000000000002,0.19867730726018573
1.416666666666667,0.20285135023091935
1.4583333333333337,0.20711290434523563
1.5000000000000004,0.21146379659695613
1.5416666666666672,0.2159058917945572
1.583333333333334,0.22044109332991088
1.6250000000000007,0.2250713439620601
1.6666666666666674,0.22979862661629497
1.7083333333333341,0.23462496519880321
1.7500000000000009,0.23955242542717042
1.7916666666666676,0.24458311567700874
1.8333333333333344,0.24971918784499778
1.875000000000001,0.2549628382286236
1.9166666666666679,0.26031630842290654
1.9583333333333346,0.2657818862344113
2.0000000000000013,0.2713619066128364
2.041666666666668,0.2770587526004842
2.0833333333333344,0.2828748562999155
2.125000000000001,0.28881269986009656
2.1666666666666674,0.2948748164813496
2.208333333333334,0.30106379143942086
2.2500000000000004,0.30738226312898465
2.291666666666667,0.31383292412690333
2.3333333333333335,0.3204185222755684
2.375,0.3271418617866483
2.4166666666666665,0.33400580436557453
2.458333333333333,0.34101327035709794
2.4999999999999996,0.348167239912251
2.541666666666666,0.35547075417705504
2.5833333333333326,0.3629269165033125
2.624999999999999,0.3705388936818276
2.6666666666666656,0.3783099171984018
2.708333333333332,0.38624328451295054
2.7499999999999987,0.3943423603620917
2.791666666666665,0.40261057808555656
2.8333333333333317,0.41105144097677687
2.8749999999999982,0.4196685236580018
2.9166666666666647,0.42846547348030095
2.9583333333333313,0.43744601194880933
2.999999999999998,0.4466139361735722
3.0416666666666643,0.45597312034634707
3.083333333333331,0.4655275172437214
3.1249999999999973,0.47528115975690305
3.166666666666664,0.4852381624485425
3.2083333333333304,0.495402723136942
3.249999999999997,0.5057791245080088
3.2916666666666634,0.5163717357553066
3.33333333333333,0.5271850142485582
3.3749999999999964,0.5382235072309496
3.416666666666663,0.5494918535455837
3.4583333333333295,0.5609947853914304
3.499999999999996,0.5727371301091115
3.5416666666666625,0.584723811996862
3.583333333333329,0.5969598541569979
3.6249999999999956,0.6094503803732227
3.666666666666662,0.6222006170190908
3.7083333333333286,0.6352158949979487
3.749999999999995,0.648501651714663
3.7916666666666616,0.6620634330794367
3.833333333333328,0.6759068955440101
3.8749999999999947,0.6900378081705315
3.916666666666661,0.7044620547333753
3.9583333333333277,0.7191856358541715
3.9999999999999942,0.7342146711703047
4.041666666666661,0.7495554015371234
4.083333333333328,0.7652141912640916
4.124999999999995,0.7811975303850994
4.166666666666662,0.7975120369631323
4.208333333333329,0.8141644594294896
4.249999999999996,0.8311616789577169
4.2916666666666625,0.8485107118724086
4.3333333333333295,0.8662187120930086
4.3749999999999964,0.8842929736127263
4.416666666666663,0.9027409330126538
4.45833333333333,0.9215701720111571
4.499999999999997,0.9407884200485814
4.541666666666664,0.9604035569072921
4.583333333333331,0.9804236153670403
4.624999999999998,1.0008567838956175
4.666666666666665,1.0217114093747324
4.708333333333332,1.042995999861008
4.749999999999999,1.0647192273819726
4.791666666666666,1.0868899307668685
4.833333333333333,1.109517118512084
4.875,1.1326099716809546
4.916666666666667,1.156177846837657
4.958333333333334,1.180230279014864
5.000000000000001,1.204776984714789
5.041666666666668,1.2298278649431982
5.083333333333335,1.2553930082759253
5.125000000000002,1.2814826939573605
5.166666666666669,1.3081073950303432
5.208333333333336,1.3352777814968229
5.250000000000003,1.3630047235085947
5.29166666666667,1.3912992945873597
5.333333333333337,1.4201727748732818
5.3750000000000036,1.4496366544011616
5.4166666666666705,1.4797026364032646
5.4583333333333375,1.5103826406377705
5.500000000000004,1.5416888067417376
5.541666666666671,1.5736334976073885
5.583333333333338,1.6062293027804468
5.625000000000005,1.6394890418791628
5.666666666666672,1.6734257680325764
5.708333333333339,1.7080527713364737
5.750000000000006,1.7433835823253943
5.791666666666673,1.7794319754589407
5.83333333333334,1.8162119726205446
5.875000000000007,1.8537378466267251
5.916666666666674,1.892024124744767
5.958333333333341,1.9310855922166286
6.000000000000008,1.9709372957867588
6.041666666666675,2.01159454723139
6.083333333333342,2.0530729268867285
6.125000000000009,2.0953882871733365
6.166666666666676,2.138556756113857
6.208333333333343,2.1825947408410884
6.25000000000001,2.2275189310932597
6.291666666666677,2.273346302693217
6.333333333333344,2.32009412100805
6.375000000000011,2.367779944385545
6.416666666666678,2.4164216275636616
6.458333333333345,2.4660373250490677
6.5000000000000115,2.5166454944605805
6.5416666666666785,2.5682648998331734
6.5833333333333455,2.620914614878028
6.625000000000012,2.6746140261938947
6.666666666666679,2.7293828364248456
6.708333333333346,2.7852410673592756
6.750000000000013,2.8422090629648054
6.79166666666668,2.900307492353524
6.833333333333347,2.959557352671771
6.875000000000014,3.019979971908448
6.916666666666681,3.081597011615591
6.958333333333348,3.1444304695347225
7.000000000000015,3.208502682122232
7.041666666666682,3.2738363269668
7.083333333333349,3.340454425091614
7.125000000000016,3.4083803431338766
7.166666666666683,3.4776377953938273
7.20833333333335,3.5482508457452444
7.250000000000017,3.620243909399105
7.291666666666684,3.6936417545118148
7.333333333333351,3.768469503629137
7.375000000000018,3.844752634956652
7.416666666666685,3.922516983447306
7.458333333333352,4.001788741696314
7.500000000000019,4.082594460633364
7.541666666666686,4.164961050001825
7.583333333333353,4.248915778614296
7.6250000000000195,4.334486274373596
7.6666666666666865,4.421700524047957
7.7083333333333535,4.510586872788902
7.75000000000002,4.601174023379957
7.791666666666687,4.693491035204123
7.833333333333354,4.787567322917633
7.875000000000021,4.883432654817317
7.916666666666688,4.981117150888557
7.958333333333355,5.080651280520543
8.000000000000021,5.182065859875258
8.041666666666687,5.2853920488963455
8.083333333333353,5.390661347943746
8.12500000000002,5.497905594039725
8.166666666666686,5.607156956711673
8.208333333333352,5.718447933416802
8.250000000000018,5.831811344533656
8.291666666666684,5.9472803279051245
8.33333333333335,6.064888332917438
8.375000000000016,6.184669114099459
8.416666666666682,6.3066567242264195
8.458333333333348,6.4308855069120545
8.500000000000014,6.557390088673037
8.54166666666668,6.6862053704494295
8.583333333333346,6.817366518564851
8.625000000000012,6.9509089551099565
8.666666666666679,7.086868347732816
8.708333333333345,7.2252805988197935
8.75000000000001,7.3661818340505265
8.791666666666677,7.509608390310704
8.833333333333343,7.655596802946419
8.875000000000009,7.804183792344028
8.916666666666675,7.955406249819627
8.958333333333341,8.109301222802454
9.000000000000007,8.265905899296833
9.041666666666673,8.425257591607545
9.08333333333334,8.587393719313928
9.125000000000005,8.752351791478349
9.166666666666671,8.920169388075228
9.208333333333337,9.090884140627288
9.250000000000004,9.264533712036283
9.29166666666667,9.441155775596103
9.333333333333336,9.620787993176892
9.375000000000002,9.803467992569528
9.416666666666668,9.98923334398072
9.458333333333334,10.178121535669826
9.5,10.370169948719546
9.541666666666666,10.565415830933638
9.583333333333332,10.763896269855959
9.624999999999998,10.965648164906382
9.666666666666664,11.17070819863035
9.70833333333333,11.379112807060281
9.749999999999996,11.59089814918842
9.791666666666663,11.80610007555236
9.833333333333329,12.024754095935913
9.874999999999995,12.246895346189955
9.91666666666666,12.4725585541794
9.958333333333327,12.701778004864542
9.999999999999993,12.93458750452684
10.041666666666659,13.171020344151325
10.083333333333325,13.411109261979892
10.124999999999991,13.654886405252034
10.166666666666657,13.902383291151763
10.208333333333323,14.15363076698192
10.24999999999999,14.408658969589483
10.291666666666655,14.667497284068036
10.333333333333321,14.930174301766135
10.374999999999988,15.196717777632985
10.416666666666654,15.467154586935575
10.45833333333332,15.741510681384174
10.499999999999986,16.01981104470599
10.541666666666652,16.30207964770962
10.583333333333318,16.588339402885875
10.624999999999984,16.878612118593566
10.66666666666665,17.172918452881742
10.708333333333316,17.47127786700296
10.749999999999982,17.773708578675183
10.791666666666648,18.08022751515284
10.833333333333314,18.390850266170727
10.87499999999998,18.705591036827343
10.916666666666647,19.024462600477193
10.958333333333313,19.347476251704624
10.999999999999979,19.674641759454556
11.041666666666645,20.00596732039826
11.08333333333331,20.34145951261517
11.124999999999977,20.68112324967425
11.166666666666643,21.02496173520106
11.208333333333309,21.372976418018997
11.249999999999975,21.72516694795559
11.291666666666641,22.08153113240676
11.333333333333307,22.44206489375405
11.374999999999973,22.806762227731497
11.41666666666664,23.175615162840582
11.458333333333306,23.54861372091303
11.499999999999972,23.925745878922392
11.541666666666638,24.306997532146426
11.583333333333304,24.692352458782864
11.62499999999997,25.081792286121672
11.666666666666636,25.475296458377127
11.708333333333302,25.872842206282833
11.749999999999968,26.27440451855248
11.791666666666634,26.679956115308354
11.8333333333333,27.08946742357861
11.874999999999966,27.502906554962976
11.916666666666632,27.920239285564715
11.958333333333298,28.34142903828486
11.999999999999964,28.766436867572054
12.04166666666663,29.19522144671872
12.083333333333297,29.627739057791185
12.124999999999963,30.06394358427777
12.166666666666629,30.503786506535114
12.208333333333295,30.94721690010874
12.249999999999961,31.394181436999297
12.291666666666627,31.844624389941014
12.333333333333293,32.298487639753624
12.37499999999996,32.75571068582333
12.416666666666625,33.2162306597626
12.458333333333291,33.67998234229218
12.499999999999957,34.146898183382135
12.541666666666623,34.61690832568212
12.58333333333329,35.089940631263595
12.624999999999956,35.56592071168972
12.666666666666622,36.044771961420665
12.708333333333288,36.52641559455473
12.749999999999954,37.01077068489726
12.79166666666662,37.497754209341466
12.833333333333286,37.98728109453691
12.874999999999952,38.47926426681312
12.916666666666618,38.973614705317196
12.958333333333284,39.47024149831612
12.99999999999995,39.96905190260558
13.041666666666616,40.46995140595917
13.083333333333282,40.972843792543024
13.124999999999948,41.4776312112129
13.166666666666615,41.98421424660253
13.20833333333328,42.492491992904036
13.249999999999947,43.00236213023346
13.291666666666613,43.513721003466785
13.333333333333279,44.026463703424824
13.374999999999945,44.54048415027786
13.416666666666611,45.055675179034914
13.458333333333277,45.57192862697553
13.499999999999943,46.08913542287662
13.54166666666661,46.60718567788102
13.583333333333275,47.12596877784944
13.624999999999941,47.645373477033154
13.666666666666607,48.16528799290029
13.708333333333274,48.68560010194508
13.74999999999994,49.206197236306586
13.791666666666606,49.72696658102051
13.833333333333272,50.24779517172608
13.874999999999938,50.76856999264804
13.916666666666604,51.28917807467364
13.95833333333327,51.80950659334345
13.999999999999936,52.32944296657568
14.041666666666602,52.84887495194416
14.083333333333268,53.36769074333187
14.124999999999934,53.88577906678339
14.1666666666666,54.40302927538286
14.208333333333266,54.919331442986326
14.249999999999932,55.434576456641594
14.291666666666599,55.94865610753234
14.333333333333265,56.46146318028803
14.37499999999993,56.97289154050621
14.416666666666597,57.48283622033916
14.458333333333263,57.99119350200278
14.499999999999929,58.497860999072046
14.541666666666595,59.002737735433726
14.583333333333261,59.50572422177434
14.624999999999927,60.00672252948833
14.666666666666593,60.50563636189928
14.70833333333326,61.00237112269436
14.749999999999925,61.4968339814807
14.791666666666591,61.98893393637998
14.833333333333258,62.478581873586315
14.874999999999924,62.96569062382036
14.91666666666659,63.450175015621625
14.958333333333256,63.93195192542875
14.999999999999922,64.41094032440657
15.041666666666588,64.8870613219869
15.083333333333254,65.36023820609839
15.12499999999992,65.83039648006906
15.166666666666586,66.29746389619346
15.208333333333252,66.76137048596397
15.249999999999918,67.22204858697397
15.291666666666584,67.6794328665082
15.33333333333325,68.13346034184248
15.374999999999917,68.58407039728297
15.416666666666583,69.03120479798102
15.458333333333249,69.47480770056717
15.499999999999915,69.91482566065345
15.54166666666658,70.35120763725938
15.583333333333247,70.78390499422272
15.624999999999913,71.21287149866114
15.666666666666579,71.63806331655616
15.708333333333245,72.05943900553494
15.749999999999911,72.47695950493028
15.791666666666577,72.8905881232024
15.833333333333243,73.30029052281014
15.87499999999991,73.70603470262196
15.916666666666575,74.10779097796032
15.958333333333242,74.50553195837485
15.999999999999908,74.89923252324247
16.041666666666575,75.28886979529385
16.083333333333243,75.67442311216709
16.12499999999991,76.05587399609091
16.16666666666658,76.43320612179967
16.208333333333247,76.8064052827837
16.249999999999915,77.1754593559782
16.291666666666583,77.54035826499357
16.33333333333325,77.90109394199017
16.37499999999992,78.25766028829925
16.416666666666586,78.61005313389121
16.458333333333254,78.95827019579103
16.499999999999922,79.30231103553923
16.54166666666659,79.64217701579528
16.583333333333258,79.97787125617845
16.624999999999925,80.30939858843915
16.666666666666593,80.63676551105185
16.70833333333326,80.95998014331785
16.74999999999993,81.2790521790646
16.791666666666597,81.59399284002488
16.833333333333265,81.90481482897707
16.874999999999932,82.21153228272483
16.9166666666666,82.51416072499174
16.958333333333268,82.81271701930334
16.999999999999936,83.10721932192656
17.041666666666604,83.3976870349332
17.08333333333327,83.68414075945101
17.12499999999994,83.96660224916363
17.166666666666607,84.2450943641164
17.208333333333275,84.51964102488336
17.249999999999943,84.79026716714688
17.29166666666661,85.05699869673852
17.33333333333328,85.31986244518701
17.374999999999947,85.57888612581607
17.416666666666615,85.83409829043201
17.458333333333282,86.08552828663808
17.49999999999995,86.33320621581011
17.541666666666618,86.57716289176449
17.583333333333286,86.81742980014796
17.624999999999954,87.05403905857503
17.66666666666662,87.28702337753687
17.70833333333329,87.51641602210326
17.749999999999957,87.74225077443596
17.791666666666625,87.96456189713076
17.833333333333293,88.18338409740197
17.87499999999996,88.39875249212204
17.91666666666663,88.61070257372653
17.958333333333297,88.81927017699228
17.999999999999964,89.02449144669563
18.041666666666632,89.22640280615494
18.0833333333333,89.42504092666043
18.124999999999968,89.6204426977925
18.166666666666636,89.8126451986283
18.208333333333304,90.00168566983476
18.24999999999997,90.1876014866449
18.29166666666664,90.37043013271308
18.333333333333307,90.55020917484363
18.374999999999975,90.72697623858573
18.416666666666643,90.90076898468723
18.45833333333331,91.07162508639817
18.49999999999998,91.23958220761435
18.541666666666647,91.40467798185064
18.583333333333314,91.5669499920323
18.624999999999982,91.72643575109252
18.66666666666665,91.88317268336327
18.708333333333318,92.03719810674639
18.749999999999986,92.18854921565084
18.791666666666654,92.33726306468208
18.83333333333332,92.48337655306858
18.87499999999999,92.62692640981071
18.916666666666657,92.76794917953627
18.958333333333325,92.90648120904734
18.999999999999993,93.04255863454225
19.04166666666666,93.17621736949684
19.08333333333333,93.30749309318875
19.124999999999996,93.43642123984824
19.166666666666664,93.56303698841953
19.208333333333332,93.68737525291581
19.25,93.80947067335194
19.291666666666668,93.92935760723803
19.333333333333336,94.047070121618
19.375000000000004,94.16264198563637
19.41666666666667,94.27610666361772
19.45833333333334,94.38749730864227
19.500000000000007,94.49684675660194
19.541666666666675,94.60418752072137
19.583333333333343,94.70955178652788
19.62500000000001,94.81297140725574
19.66666666666668,94.91447789966882
19.708333333333346,95.01410244028762
19.750000000000014,95.11187586200523
19.791666666666682,95.20782865107856
19.83333333333335,95.30199094448002
19.875000000000018,95.39439252759651
19.916666666666686,95.4850628322614
19.958333333333353,95.57403093510678
20.00000000000002,95.66132555622265
20.04166666666669,95.74697505811048
20.083333333333357,95.83100744491854
20.125000000000025,95.91345036194706
20.166666666666693,95.99433109541111
20.20833333333336,96.07367657245008
20.25000000000003,96.15151336137204
20.291666666666696,96.22786767212233
20.333333333333364,96.30276535696579
20.375000000000032,96.37623191137197
20.4166666666667,96.44829247509358
20.458333333333368,96.5189718334284
20.500000000000036,96.58829441865488
20.541666666666703,96.65628431163275
20.58333333333337,96.72296524355922
20.62500000000004,96.78836059787264
20.666666666666707,96.85249341229503
20.708333333333375,96.91538638100533
20.750000000000043,96.97706185693596
20.79166666666671,97.03754185418474
20.83333333333338,97.09684805053529
20.875000000000046,97.15500179007856
20.916666666666714,97.21202408592903
20.958333333333382,97.26793562302893
21.00000000000005,97.32275676103421
21.041666666666718,97.37650753727624
21.083333333333385,97.42920766979344
21.125000000000053,97.48087656042742
21.16666666666672,97.53153329797784
21.20833333333339,97.58119666141141
21.250000000000057,97.62988512311966
21.291666666666725,97.67761685222092
21.333333333333393,97.72440971790193
21.37500000000006,97.7702812927948
21.41666666666673,97.81524885638508
21.458333333333396,97.85932939844696
21.500000000000064,97.90253962250192
21.541666666666732,97.94489594929698
21.5833333333334,97.98641452029933
21.625000000000068,98.02711120120385
21.666666666666735,98.06700158545037
21.708333333333403,98.10610099774787
21.75000000000007,98.14442449760259
21.79166666666674,98.18198688284717
21.833333333333407,98.21880269316875
21.875000000000075,98.25488621363307
21.916666666666742,98.29025147820248
21.95833333333341,98.32491227324567
22.000000000000078,98.35888214103697
22.041666666666746,98.39217438324341
22.083333333333414,98.4248020643973
22.12500000000008,98.4567780153531
22.16666666666675,98.4881148367266
22.208333333333417,98.51882490231483
22.250000000000085,98.5489203624955
22.291666666666753,98.57841314760432
22.33333333333342,98.60731497128923
22.37500000000009,98.63563733383992
22.416666666666757,98.66339152549207
22.458333333333425,98.69058862970469
22.500000000000092,98.7172395264102
22.54166666666676,98.74335489523575
22.583333333333428,98.76894521869544
22.625000000000096,98.79402078535247
22.666666666666764,98.81859169295055
22.70833333333343,98.84266785151391
22.7500000000001,98.86625898641535
22.791666666666767,98.88937464141188
22.833333333333435,98.91202418164734
22.875000000000103,98.93421679662173
22.91666666666677,98.95596150312663
22.95833333333344,98.97726714814684
23.000000000000107,98.99814241172734
23.041666666666774,99.01859580980583
23.083333333333442,99.03863569701042
23.12500000000011,99.05827026942232
23.166666666666778,99.07750756730337
23.208333333333446,99.09635547778855
23.250000000000114,99.11482173754284
23.29166666666678,99.13291393538321
23.33333333333345,99.15063951486485
23.375000000000117,99.16800577683235
23.416666666666785,99.18501988193547
23.458333333333453,99.20168885310991
23.50000000000012,99.21801957802265
23.54166666666679,99.23401881148247
23.583333333333456,99.24969317781563
23.625000000000124,99.26504917320676
23.666666666666792,99.28009316800514
23.70833333333346,99.29483140899673
23.750000000000128,99.30927002164194
23.791666666666796,99.3234150122795
23.833333333333464,99.33727227029654
23.87500000000013,99.3508475702653
23.9166666666668,99.36414657404652
23.958333333333467,99.37717483285991
24.000000000000135,99.38993778932189
24.041666666666803,99.40244077945106
24.08333333333347,99.41468903464133
24.12500000000014,99.42668768360356
24.166666666666806,99.43844175427542
24.208333333333474,99.44995617570022
24.250000000000142,99.46123577987495
24.29166666666681,99.47228530356763
24.333333333333478,99.4831093901045
24.375000000000146,99.49371259112755
24.416666666666814,99.50409936832229
24.45833333333348,99.51427409511648
24.50000000000015,99.52424105835006
24.541666666666817,99.5340044599165
24.583333333333485,99.54356841837621
24.625000000000153,99.55293697054192
24.66666666666682,99.56211407303705
24.70833333333349,99.57110360382656
24.750000000000156,99.57990936372155
24.791666666666824,99.58853507785722
24.833333333333492,99.59698439714495
24.87500000000016,99.6052608996989
24.916666666666828,99.61336809223708
24.958333333333496,99.62130941145777
25.000000000000163,99.62908822539121
25.04166666666683,99.63670783472728
25.0833333333335,99.64417147411908
25.125000000000167,99.65148231346333
25.166666666666835,99.65864345915742
25.208333333333503,99.66565795533366
25.25000000000017,99.67252878507125
25.29166666666684,99.67925887158601
25.333333333333506,99.68585107939835
25.375000000000174,99.69230821547995
25.416666666666842,99.69863303037916
25.45833333333351,99.70482821932579
25.500000000000178,99.71089642331546
25.541666666666845,99.71684023017377
25.583333333333513,99.72266217560077
25.62500000000018,99.72836474419601
25.66666666666685,99.73395037046437
25.708333333333517,99.73942143980304
25.750000000000185,99.74478028947024
25.791666666666853,99.75002920953538
25.83333333333352,99.75517044381165
25.87500000000019,99.76020619077075
25.916666666666856,99.76513860444055
25.958333333333524,99.76996979528565
26.000000000000192,99.7747018310711
26.04166666666686,99.77933673770997
26.083333333333528,99.7838765000945
26.125000000000195,99.78832306291159
26.166666666666863,99.79267833144262
26.20833333333353,99.79694417234792
26.2500000000002,99.80112241443626
26.291666666666867,99.80521484941953
26.333333333333535,99.80922323265291
26.375000000000203,99.81314928386072
26.41666666666687,99.81699468784842
26.458333333333538,99.8207610952006
26.500000000000206,99.82445012296569
26.541666666666874,99.8280633553273
26.58333333333354,99.83160234426256
26.62500000000021,99.8350686101876
26.666666666666877,99.83846364259053
26.708333333333545,99.8417889006521
26.750000000000213,99.84504581385427
26.79166666666688,99.84823578257671
26.83333333333355,99.85136017868189
26.875000000000217,99.85442034608866
26.916666666666885,99.8574176013344
26.958333333333552,99.86035323412635
27.00000000000022,99.86322850788201
27.041666666666888,99.86604466025898
27.083333333333556,99.8688029036743
27.125000000000224,99.87150442581357
27.16666666666689,99.87415039013011
27.20833333333356,99.87674193633421
27.250000000000227,99.87928018087258
27.291666666666895,99.88176621739865
27.333333333333563,99.8842011172332
27.37500000000023,99.8865859298161
27.4166666666669,99.88892168314901
27.458333333333567,99.89120938422926
27.500000000000234,99.89345001947518
27.541666666666902,99.895644555143
27.58333333333357,99.89779393773529
27.625000000000238,99.89989909440149
27.666666666666906,99.90196093333034
27.708333333333574,99.90398034413444
27.75000000000024,99.90595819822727
27.79166666666691,99.90789534919251
27.833333333333577,99.90979263314624
27.875000000000245,99.91165086909156
27.916666666666913,99.91347085926647
27.95833333333358,99.91525338948445
28.00000000000025,99.91699922946849
28.041666666666917,99.91870913317825
28.083333333333584,99.92038383913084
28.125000000000252,99.92202407071484
28.16666666666692,99.92363053649842
28.208333333333588,99.92520393053093
28.250000000000256,99.9267449326387
28.291666666666924,99.9282542087146
28.33333333333359,99.92973241100209
28.37500000000026,99.93118017837325
28.416666666666927,99.93259813660148
28.458333333333595,99.9339868986285
28.500000000000263,99.93534706482606
28.54166666666693,99.93667922325236
28.5833333333336,99.93798394990326
28.625000000000266,99.93926180895853
28.666666666666934,99.94051335302294
28.708333333333602,99.94173912336267
28.75000000000027,99.94293965013678
28.791666666666938,99.94411545262412
28.833333333333606,99.94526703944557
28.875000000000274,99.94639490878183
28.91666666666694,99.94749954858676
28.95833333333361,99.94858143679647
29.000000000000277,99.94964104153405
29.041666666666945,99.95067882131025
29.083333333333613,99.9516952252201
29.12500000000028,99.95269069313547
29.16666666666695,99.95366565589373
29.208333333333616,99.95462053548268
29.250000000000284,99.95555574522157
29.291666666666952,99.95647168993858
29.33333333333362,99.95736876614461
29.375000000000288,99.95824736220361
29.416666666666956,99.95910785849932
29.458333333333623,99.9599506275988
29.50000000000029,99.96077603441243
29.54166666666696,99.96158443635088
29.583333333333627,99.96237618347865
29.625000000000295,99.96315161866468
29.666666666666963,99.96391107772976
29.70833333333363,99.96465488959099
29.7500000000003,99.96538337640337
29.791666666666966,99.96609685369833
29.833333333333634,99.96679563051957
29.875000000000302,99.96748000955613
29.91666666666697,99.96815028727266
29.958333333333638,99.96880675403713
30.000000000000306,99.96944969424587
30.041666666666973,99.97007938644602
30.08333333333364,99.97069610345564
30.12500000000031,99.9713001124812
30.166666666666977,99.97189167523275
30.208333333333645,99.97247104803671
30.250000000000313,99.97303848194639
30.29166666666698,99.9735942228502
30.33333333333365,99.97413851157769
30.375000000000316,99.97467158400349
30.416666666666984,99.97519367114887
30.458333333333652,99.9757049992816
30.50000000000032,99.97620579001342
30.541666666666988,99.97669626039571
30.583333333333655,99.97717662301318
30.625000000000323,99.9776470860756
30.66666666666699,99.97810785350765
30.70833333333366,99.97855912503698
30.750000000000327,99.97900109628046
30.791666666666995,99.97943395882858
30.833333333333663,99.97985790032827
30.87500000000033,99.98027310456385
30.916666666667,99.98067975153647
30.958333333333666,99.98107801754183
31.000000000000334,99.98146807524641
31.041666666667002,99.98185009376198
31.08333333333367,99.9822242387187
31.125000000000338,99.98259067233677
31.166666666667005,99.9829495534964
31.208333333333673,99.98330103780658
31.25000000000034,99.98364527767237
31.29166666666701,99.98398242236063
31.333333333333677,99.98431261806473
31.375000000000345,99.98463600796762
31.416666666667012,99.98495273230384
31.45833333333368,99.9852629284201
31.500000000000348,99.98556673083469
31.541666666667016,99.98586427129567
31.583333333333684,99.98615567883786
31.62500000000035,99.98644107983863
31.66666666666702,99.98672059807257
31.708333333333687,99.9869943547651
31.750000000000355,99.98726246864477
31.791666666667023,99.98752505599482
31.83333333333369,99.98778223070336
31.87500000000036,99.98803410431272
31.916666666667027,99.98828078606766
31.958333333333695,99.98852238296271
32.00000000000036,99.98875899978846
32.04166666666703,99.98899073917688
32.08333333333369,99.9892177016458
32.125000000000355,99.9894399856424
32.16666666666702,99.98965768758583
32.208333333333684,99.98987090190894
32.25000000000035,99.99007972109916
32.29166666666701,99.99028423573859
32.33333333333368,99.99048453454319
32.37500000000034,99.99068070440117
32.416666666667005,99.9908728304107
32.45833333333367,99.99106099591663
32.500000000000334,99.99124528254671
32.541666666667,99.9914257702469
32.58333333333366,99.991602537316
32.62500000000033,99.99177566043949
32.66666666666699,99.99194521472286
32.708333333333655,99.99211127372415
32.75000000000032,99.99227390948568
32.791666666666984,99.99243319256537
32.83333333333365,99.99258919206727
32.87500000000031,99.99274197567155
32.91666666666698,99.99289160966372
32.95833333333364,99.99303815896346
33.000000000000306,99.99318168715267
33.04166666666697,99.9933222565031
33.083333333333634,99.99345992800325
33.1250000000003,99.9935947613848
33.16666666666696,99.9937268151486
33.20833333333363,99.99385614658992
33.25000000000029,99.99398281182332
33.291666666666956,99.99410686580694
33.33333333333362,99.99422836236636
33.375000000000284,99.99434735421795
33.41666666666695,99.99446389299162
33.45833333333361,99.99457802925329
33.50000000000028,99.99468981252676
33.54166666666694,99.99479929131522
33.583333333333606,99.99490651312222
33.62500000000027,99.99501152447233
33.666666666666934,99.99511437093126
33.7083333333336,99.99521509712561
33.75000000000026,99.99531374676222
33.79166666666693,99.99541036264718
33.83333333333359,99.99550498670433
33.875000000000256,99.99559765999341
33.91666666666692,99.9956884227279
33.958333333333584,99.99577731429251
34.00000000000025,99.99586437326013
34.04166666666691,99.99594963740869
34.08333333333358,99.99603314373742
34.12500000000024,99.99611492848301
34.166666666666906,99.99619502713522
34.20833333333357,99.99627347445231
34.250000000000234,99.99635030447615
34.2916666666669,99.99642555054693
34.33333333333356,99.99649924531762
34.37500000000023,99.99657142076819
34.41666666666689,99.99664210821939
34.458333333333556,99.9967113383464
34.50000000000022,99.99677914119214
34.541666666666885,99.99684554618021
34.58333333333355,99.99691058212778
34.62500000000021,99.99697427725796
34.66666666666688,99.99703665921216
34.70833333333354,99.99709775506197
34.750000000000206,99.997157591321
34.79166666666687,99.99721619395629
34.833333333333535,99.99727358839965
34.8750000000002,99.99732979955864
34.91666666666686,99.99738485182742
34.95833333333353,99.99743876909724
35.00000000000019,99.99749157476695
35.041666666666856,99.99754329175299
35.08333333333352,99.99759394249944
35.125000000000185,99.99764354898771
35.16666666666685,99.99769213274611
35.20833333333351,99.99773971485915
35.25000000000018,99.9977863159767
35.29166666666684,99.99783195632297
35.333333333333506,99.99787665570523
35.37500000000017,99.99792043352247
35.416666666666835,99.99796330877376
35.4583333333335,99.99800530006652
35.50000000000016,99.99804642562461
35.54166666666683,99.99808670329618
35.58333333333349,99.99812615056149
35.625000000000156,99.9981647845404
35.66666666666682,99.99820262199987
35.708333333333485,99.9982396793612
35.75000000000015,99.99827597270722
35.79166666666681,99.99831151778913
35.83333333333348,99.9983463300335
35.87500000000014,99.99838042454881
35.916666666666806,99.99841381613213
35.95833333333347,99.99844651927545
36.000000000000135,99.99847854817202
36.0416666666668,99.9985099167225
36.083333333333464,99.99854063854096
36.12500000000013,99.99857072696084
36.16666666666679,99.99860019504068
36.20833333333346,99.99862905556982
36.25000000000012,99.99865732107398
36.291666666666785,99.99868500382057
36.33333333333345,99.99871211582416
36.375000000000114,99.99873866885166
36.41666666666678,99.99876467442729
36.45833333333344,99.9987901438378
36.50000000000011,99.99881508813719
36.54166666666677,99.9988395181516
36.583333333333435,99.99886344448399
36.6250000000001,99.99888687751867
36.666666666666764,99.99890982742596
36.70833333333343,99.99893230416642
36.75000000000009,99.9989543174953
36.79166666666676,99.99897587696678
36.83333333333342,99.998996991938
36.875000000000085,99.9990176715732
36.91666666666675,99.99903792484773
36.958333333333414,99.99905776055185
37.00000000000008,99.99907718729465
37.04166666666674,99.99909621350771
37.08333333333341,99.99911484744878
37.12500000000007,99.99913309720537
37.166666666666735,99.99915097069825
37.2083333333334,99.99916847568487
37.250000000000064,99.9991856197628
37.29166666666673,99.99920241037293
37.33333333333339,99.99921885480276
37.37500000000006,99.9992349601896
37.41666666666672,99.9992507335235
37.458333333333385,99.99926618165048
37.50000000000005,99.99928131127541
37.541666666666714,99.99929612896493
37.58333333333338,99.99931064115026
37.62500000000004,99.99932485413007
37.66666666666671,99.99933877407314
37.70833333333337,99.9993524070211
37.750000000000036,99.99936575889103
37.7916666666667,99.99937883547797
37.833333333333364,99.99939164245754
37.87500000000003,99.9994041853883
37.91666666666669,99.99941646971423
37.95833333333336,99.9994285007671
38.00000000000002,99.99944028376869
38.041666666666686,99.9994518238332
38.08333333333335,99.99946312596931
38.125000000000014,99.99947419508253
38.16666666666668,99.99948503597714
38.20833333333334,99.99949565335844
38.25000000000001,99.99950605183466
38.29166666666667,99.9995162359191
38.333333333333336,99.99952621003195
38.375,99.99953597850227
38.416666666666664,99.99954554556989
38.45833333333333,99.99955491538721
38.49999999999999,99.99956409202105
38.54166666666666,99.99957307945434
38.58333333333332,99.99958188158794
38.624999999999986,99.99959050224224
38.66666666666665,99.9995989451589
38.708333333333314,99.99960721400241
38.74999999999998,99.99961531236174
38.79166666666664,99.99962324375181
38.83333333333331,99.99963101161516
38.87499999999997,99.99963861932329
38.916666666666636,99.99964607017817
38.9583333333333,99.99965336741376
38.999999999999964,99.9996605141973
39.04166666666663,99.99966751363074
39.08333333333329,99.99967436875208
39.12499999999996,99.99968108253671
39.16666666666662,99.9996876578986
39.208333333333286,99.99969409769172
39.24999999999995,99.99970040471113
39.291666666666615,99.99970658169435
39.33333333333328,99.9997126313224
39.37499999999994,99.99971855622101
39.41666666666661,99.99972435896181
39.45833333333327,99.99973004206342
39.499999999999936,99.99973560799248
39.5416666666666,99.99974105916485
39.583333333333265,99.9997463979465
39.62499999999993,99.99975162665467
39.66666666666659,99.99975674755882
39.70833333333326,99.99976176288159
39.74999999999992,99.99976667479984
39.791666666666586,99.9997714854455
39.83333333333325,99.9997761969066
39.874999999999915,99.99978081122809
39.91666666666658,99.99978533041273
39.95833333333324,99.99978975642205
39.99999999999991,99.9997940911771
40.04166666666657,99.99979833655931
40.083333333333236,99.99980249441134
40.1249999999999,99.99980656653786
40.166666666666565,99.99981055470636
40.20833333333323,99.99981446064783
40.24999999999989,99.99981828605759
40.29166666666656,99.99982203259603
40.33333333333322,99.99982570188929
40.374999999999886,99.99982929553
40.41666666666655,99.99983281507794
40.458333333333215,99.99983626206071
40.49999999999988,99.99983963797445
40.54166666666654,99.99984294428441
40.58333333333321,99.99984618242569
40.62499999999987,99.99984935380377
40.666666666666536,99.99985245979514
40.7083333333332,99.99985550174793
40.749999999999865,99.99985848098248
40.79166666666653,99.99986139879188
40.833333333333194,99.99986425644258
40.87499999999986,99.99986705517492
40.91666666666652,99.99986979620363
40.95833333333319,99.99987248071848
40.99999999999985,99.99987510988461
41.041666666666515,99.99987768484321
41.08333333333318,99.99988020671191
41.124999999999844,99.9998826765853
41.16666666666651,99.99988509553542
41.20833333333317,99.99988746461216
41.24999999999984,99.99988978484382
41.2916666666665,99.99989205723746
41.333333333333165,99.99989428277941
41.37499999999983,99.99989646243563
41.416666666666494,99.9998985971522
41.45833333333316,99.99990068785564
41.49999999999982,99.99990273545345
41.54166666666649,99.99990474083431
41.58333333333315,99.99990670486866
41.624999999999815,99.99990862840902
41.66666666666648,99.99991051229024
41.708333333333144,99.99991235733
41.74999999999981,99.99991416432913
41.79166666666647,99.99991593407194
41.83333333333314,99.99991766732656
41.8749999999998,99.99991936484533
41.916666666666465,99.999921027365
41.95833333333313,99.99992265560722
41.999999999999794,99.99992425027868
42.04166666666646,99.99992581207155
42.08333333333312,99.99992734166369
42.12499999999979,99.99992883971903
42.16666666666645,99.99993030688778
42.208333333333115,99.99993174380675
42.24999999999978,99.99993315109963
42.291666666666444,99.99993452937721
42.33333333333311,99.99993587923778
42.37499999999977,99.99993720126722
42.41666666666644,99.99993849603929
42.4583333333331,99.99993976411604
42.499999999999766,99.99994100604783
42.54166666666643,99.99994222237375
42.583333333333094,99.99994341362168
42.62499999999976,99.99994458030872
42.66666666666642,99.99994572294126
42.70833333333309,99.99994684201522
42.74999999999975,99.99994793801633
42.791666666666416,99.99994901142033
42.83333333333308,99.99995006269309
42.874999999999744,99.99995109229093
42.91666666666641,99.9999521006607
42.95833333333307,99.99995308824015
42.99999999999974,99.99995405545786
43.0416666666664,99.99995500273369
43.083333333333066,99.99995593047876
43.12499999999973,99.99995683909577
43.166666666666394,99.99995772897908
43.20833333333306,99.99995860051499
43.24999999999972,99.99995945408172
43.29166666666639,99.99996029004978
43.33333333333305,99.99996110878203
43.374999999999716,99.99996191063379
43.41666666666638,99.99996269595314
43.458333333333044,99.99996346508094
43.49999999999971,99.999964218351
43.54166666666637,99.9999649560903
43.58333333333304,99.99996567861903
43.6249999999997,99.99996638625079
43.666666666666366,99.99996707929276
43.70833333333303,99.9999677580457
43.749999999999694,99.99996842280426
43.79166666666636,99.99996907385695
43.83333333333302,99.99996971148637
43.87499999999969,99.99997033596927
43.91666666666635,99.99997094757668
43.958333333333016,99.99997154657412
43.99999999999968,99.99997213322153
44.041666666666345,99.99997270777355
44.08333333333301,99.99997327047957
44.12499999999967,99.99997382158385
44.16666666666634,99.99997436132556
44.208333333333,99.99997488993897
44.249999999999666,99.99997540765352
44.29166666666633,99.99997591469395
44.333333333332995,99.9999764112803
44.37499999999966,99.99997689762813
44.41666666666632,99.99997737394854
44.45833333333299,99.99997784044825
44.49999999999965,99.99997829732976
44.541666666666316,99.99997874479139
44.58333333333298,99.99997918302735
44.624999999999645,99.99997961222782
44.66666666666631,99.99998003257912
44.70833333333297,99.99998044426371
44.74999999999964,99.99998084746025
44.7916666666663,99.99998124234376
44.833333333332966,99.99998162908565
44.87499999999963,99.99998200785377
44.916666666666295,99.99998237881253
44.95833333333296,99.99998274212292
44.99999999999962,99.99998309794263
45.04166666666629,99.99998344642614
45.08333333333295,99.99998378772466
45.124999999999616,99.99998412198637
45.16666666666628,99.99998444935633
45.208333333332945,99.99998476997663
45.24999999999961,99.99998508398645
45.29166666666627,99.99998539152206
45.33333333333294,99.99998569271698
45.3749999999996,99.9999859877019
45.416666666666266,99.99998627660489
45.45833333333293,99.99998655955132
45.499999999999595,99.99998683666402
45.54166666666626,99.99998710806325
45.583333333332924,99.99998737386683
45.62499999999959,99.99998763419013
45.66666666666625,99.99998788914613
45.70833333333292,99.99998813884548
45.74999999999958,99.99998838339658
45.791666666666245,99.99998862290559
45.83333333333291,99.99998885747642
45.874999999999574,99.99998908721093
45.91666666666624,99.99998931220883
45.9583333333329,99.99998953256772
45.99999999999957,99.99998974838331
46.04166666666623,99.99998995974927
46.083333333332895,99.99999016675733
46.12499999999956,99.99999036949731
46.166666666666224,99.99999056805724
46.20833333333289,99.99999076252331
46.24999999999955,99.99999095297991
46.29166666666622,99.99999113950972
46.33333333333288,99.99999132219368
46.374999999999545,99.99999150111111
46.41666666666621,99.99999167633965
46.458333333332874,99.99999184795536
46.49999999999954,99.99999201603273
46.5416666666662,99.99999218064471
46.58333333333287,99.99999234186275
46.62499999999953,99.99999249975683
46.666666666666195,99.99999265439546
46.70833333333286,99.9999928058458
46.749999999999524,99.99999295417355
46.79166666666619,99.9999930994431
46.83333333333285,99.99999324171752
46.87499999999952,99.99999338105856
46.91666666666618,99.99999351752669
46.958333333332845,99.99999365118113
46.99999999999951,99.99999378207993
47.041666666666174,99.99999391027987
47.08333333333284,99.9999940358366
47.1249999999995,99.99999415880464
47.16666666666617,99.99999427923733
47.20833333333283,99.99999439718697
47.249999999999496,99.99999451270475
47.29166666666616,99.9999946258408
47.333333333332824,99.99999473664424
47.37499999999949,99.99999484516316
47.41666666666615,99.99999495144463
47.45833333333282,99.99999505553482
47.49999999999948,99.99999515747892
47.541666666666146,99.99999525732113
47.58333333333281,99.99999535510482
47.624999999999474,99.99999545087242
47.66666666666614,99.9999955446655
47.7083333333328,99.99999563652476
47.74999999999947,99.9999957264901
47.79166666666613,99.99999581460055
47.833333333332796,99.99999590089436
47.87499999999946,99.99999598540897
47.916666666666124,99.99999606818109
47.95833333333279,99.99999614924661
47.99999999999945,99.99999622864074
48.04166666666612,99.99999630639793
48.08333333333278,99.99999638255194
48.124999999999446,99.99999645713584
48.16666666666611,99.99999653018196
48.208333333332774,99.99999660172203
48.24999999999944,99.99999667178712
48.2916666666661,99.9999967404076
48.33333333333277,99.99999680761329
48.37499999999943,99.99999687343333
48.416666666666096,99.99999693789633
48.45833333333276,99.99999700103022
48.499999999999424,99.99999706286242
48.54166666666609,99.9999971234198
48.58333333333275,99.99999718272859
48.62499999999942,99.9999972408146
48.66666666666608,99.99999729770298
48.708333333332746,99.99999735341845
48.74999999999941,99.99999740798518
48.791666666666075,99.99999746142687
48.83333333333274,99.99999751376671
48.8749999999994,99.99999756502741
48.91666666666607,99.99999761523124
48.95833333333273,99.99999766439997
48.999999999999396,99.99999771255493
49.04166666666606,99.99999775971705
49.083333333332725,99.99999780590679
49.12499999999939,99.9999978511442
49.16666666666605,99.99999789544891
49.20833333333272,99.99999793884015
49.24999999999938,99.99999798133678
49.291666666666046,99.99999802295721
49.33333333333271,99.99999806371953
49.374999999999375,99.99999810364142
49.41666666666604,99.99999814274018
49.4583333333327,99.99999818103284
49.49999999999937,99.99999821853596
49.54166666666603,99.99999825526588
49.583333333332696,99.99999829123847
49.62499999999936,99.99999832646941
49.666666666666025,99.99999836097396
49.70833333333269,99.9999983947671
49.74999999999935,99.99999842786349
49.79166666666602,99.99999846027752
49.83333333333268,99.99999849202324
49.874999999999346,99.99999852311443
49.91666666666601,99.99999855356458
49.958333333332675,99.99999858338693
49.99999999999934,99.99999861259441
50.041666666666,99.99999864119968
50.08333333333267,99.99999866921517
50.12499999999933,99.99999869665305
50.166666666665996,99.99999872352522
50.20833333333266,99.99999874984334
50.249999999999325,99.99999877561883
50.29166666666599,99.99999880086291
50.333333333332654,99.99999882558652
50.37499999999932,99.99999884980036
50.41666666666598,99.99999887351497
50.45833333333265,99.99999889674064
50.49999999999931,99.99999891948744
50.541666666665975,99.99999894176524
50.58333333333264,99.99999896358375
50.624999999999304,99.99999898495238
50.66666666666597,99.99999900588044
50.70833333333263,99.99999902637703
50.7499999999993,99.99999904645101
50.79166666666596,99.99999906611112
50.833333333332625,99.99999908536586
50.87499999999929,99.99999910422362
50.916666666665954,99.99999912269259
50.95833333333262,99.99999914078076
50.99999999999928,99.99999915849598
51.04166666666595,99.99999917584597
51.08333333333261,99.99999919283823
51.124999999999275,99.99999920948014
51.16666666666594,99.99999922577892
51.208333333332604,99.99999924174166
51.24999999999927,99.9999992573753
51.29166666666593,99.9999992726866
51.3333333333326,99.99999928768223
51.37499999999926,99.99999930236865
51.416666666665925,99.99999931675228
51.45833333333259,99.99999933083937
51.499999999999254,99.999999344636
51.54166666666592,99.99999935814816
51.58333333333258,99.99999937138176
51.62499999999925,99.9999993843425
51.66666666666591,99.99999939703602
51.708333333332575,99.99999940946782
51.74999999999924,99.99999942164331
51.791666666665904,99.99999943356777
51.83333333333257,99.99999944524636
51.87499999999923,99.99999945668417
51.9166666666659,99.99999946788616
51.95833333333256,99.99999947885719
51.999999999999226,99.99999948960202
52.04166666666589,99.9999995001253
52.083333333332554,99.99999951043164
52.12499999999922,99.99999952052548
52.16666666666588,99.99999953041119
52.20833333333255,99.99999954009309
52.24999999999921,99.99999954957538
52.291666666665876,99.99999955886214
52.33333333333254,99.99999956795745
52.374999999999204,99.99999957686524
52.41666666666587,99.99999958558934
52.45833333333253,99.9999995941336
52.4999999999992,99.99999960250167
52.54166666666586,99.99999961069723
52.583333333332526,99.99999961872382
52.62499999999919,99.99999962658491
52.666666666665854,99.9999996342839
52.70833333333252,99.99999964182416
52.74999999999918,99.99999964920896
52.79166666666585,99.9999996564415
52.83333333333251,99.99999966352493
52.874999999999176,99.99999967046232
52.91666666666584,99.99999967725665
52.958333333332504,99.99999968391091
52.99999999999917,99.99999969042798
53.04166666666583,99.99999969681069
53.0833333333325,99.99999970306179
53.12499999999916,99.99999970918401
53.166666666665826,99.99999971517998
53.20833333333249,99.99999972105236
53.249999999999154,99.99999972680365
53.29166666666582,99.99999973243636
53.33333333333248,99.99999973795295
53.37499999999915,99.99999974335579
53.41666666666581,99.99999974864721
53.458333333332476,99.99999975382956
53.49999999999914,99.99999975890506
53.541666666665805,99.9999997638759
53.58333333333247,99.99999976874427
53.62499999999913,99.99999977351226
53.6666666666658,99.99999977818194
53.70833333333246,99.99999978275535
53.749999999999126,99.99999978723446
53.79166666666579,99.99999979162122
53.833333333332455,99.99999979591753
53.87499999999912,99.99999980012528
53.91666666666578,99.99999980424626
53.95833333333245,99.99999980828227
53.99999999999911,99.99999981223506
54.041666666665776,99.99999981610637
54.08333333333244,99.99999981989785
54.124999999999105,99.99999982361116
54.16666666666577,99.99999982724792
54.20833333333243,99.9999998308097
54.2499999999991,99.99999983429804
54.29166666666576,99.99999983771445
54.333333333332426,99.99999984106043
54.37499999999909,99.99999984433741
54.416666666665755,99.99999984754685
54.45833333333242,99.99999985069007
54.49999999999908,99.99999985376853
54.54166666666575,99.99999985678349
54.58333333333241,99.9999998597363
54.624999999999076,99.99999986262824
54.66666666666574,99.99999986546055
54.708333333332405,99.99999986823447
54.74999999999907,99.99999987095119
54.79166666666573,99.9999998736119
54.8333333333324,99.99999987621774
54.87499999999906,99.99999987876987
54.916666666665726,99.99999988126937
54.95833333333239,99.99999988371735
54.999999999999055,99.99999988611485
55.04166666666572,99.99999988846291
55.083333333332384,99.99999989076255
55.12499999999905,99.9999998930148
55.16666666666571,99.9999998952206
55.20833333333238,99.9999998973809
55.24999999999904,99.99999989949669
55.291666666665705,99.99999990156884
55.33333333333237,99.9999999035983
55.374999999999034,99.99999990558588
55.4166666666657,99.9999999075325
55.45833333333236,99.99999990943897
55.49999999999903,99.99999991130615
55.54166666666569,99.99999991313481
55.583333333332355,99.99999991492578
55.62499999999902,99.99999991667983
55.666666666665684,99.99999991839769
55.70833333333235,99.99999992008016
55.74999999999901,99.99999992172792
55.79166666666568,99.99999992334172
55.83333333333234,99.99999992492225
55.874999999999005,99.9999999264702
55.91666666666567,99.99999992798622
55.958333333332334,99.999999929471
55.999999999999,99.99999993092514
56.04166666666566,99.99999993234931
